budget,genres,id,keywords,popularity,production_companies,production_countries,release_date,revenue,runtime,title,vote_average,vote_count
15000000,"[{""id"": 53, ""name"": ""Thriller""}, {""id"": 878, ""name"": ""Science Fiction""}, {""id"": 18, ""name"": ""Drama""}]",333371,"[{""id"": 1930, ""name"": ""kidnapping""}, {""id"": 2321, ""name"": ""bunker""}, {""id"": 2340, ""name"": ""paranoia""}, {""id"": 9866, ""name"": ""basement""}, {""id"": 10833, ""name"": ""survivalist""}, {""id"": 12332, ""name"": ""apocalypse""}, {""id"": 13063, ""name"": ""car accident""}, {""id"": 15381, ""name"": ""captive""}]",53.698683,"[{""name"": ""Paramount Pictures"", ""id"": 4}, {""name"": ""Bad Robot"", ""id"": 11461}, {""name"": ""Spectrum Effects"", ""id"": 78177}]",us,3/10/16,108286421,103,10 Cloverfield Lane,6.8,2468
50000000,"[{""id"": 28, ""name"": ""Action""}, {""id"": 18, ""name"": ""Drama""}, {""id"": 36, ""name"": ""History""}, {""id"": 53, ""name"": ""Thriller""}, {""id"": 10752, ""name"": ""War""}]",300671,"[{""id"": 818, ""name"": ""based on novel""}, {""id"": 1376, ""name"": ""assault rifle""}, {""id"": 3070, ""name"": ""mercenary""}, {""id"": 5272, ""name"": ""libya""}, {""id"": 5565, ""name"": ""biography""}, {""id"": 9672, ""name"": ""based on true story""}, {""id"": 11115, ""name"": ""heroism""}, {""id"": 14601, ""name"": ""explosion""}, {""id"": 34061, ""name"": ""american abroad""}, {""id"": 34079, ""name"": ""death""}, {""id"": 209493, ""name"": ""21st century""}, {""id"": 214596, ""name"": ""cia agent""}, {""id"": 235476, ""name"": ""u.s. ambassador""}]",42.526529,"[{""name"": ""Paramount Pictures"", ""id"": 4}, {""name"": ""3 Arts Entertainment"", ""id"": 787}, {""name"": ""Bay Films"", ""id"": 6734}, {""name"": ""Latina Pictures"", ""id"": 19108}, {""name"": ""Dune Films"", ""id"": 19477}]",mt,1/13/16,69411370,144,13 Hours: The Secret Soldiers of Benghazi,7,938
4500000,"[{""id"": 53, ""name"": ""Thriller""}, {""id"": 28, ""name"": ""Action""}, {""id"": 18, ""name"": ""Drama""}, {""id"": 36, ""name"": ""History""}]",375290,"[{""id"": 2227, ""name"": ""evacuation""}, {""id"": 6091, ""name"": ""war""}, {""id"": 9672, ""name"": ""based on true story""}, {""id"": 15087, ""name"": ""iraq war""}]",2.551559,"[{""name"": ""T-Series"", ""id"": 3522}, {""name"": ""Hari Om Entertainment Co."", ""id"": 3942}, {""name"": ""Cape Of Good Films"", ""id"": 35063}]",in,1/22/16,32000000,126,Airlift,7.3,57
170000000,"[{""id"": 14, ""name"": ""Fantasy""}]",241259,"[{""id"": 818, ""name"": ""based on novel""}, {""id"": 1507, ""name"": ""clock""}, {""id"": 2011, ""name"": ""queen""}, {""id"": 9663, ""name"": ""sequel""}, {""id"": 12552, ""name"": ""alice in wonderland""}, {""id"": 177895, ""name"": ""dark fantasy""}, {""id"": 203699, ""name"": ""mad hatter""}, {""id"": 209714, ""name"": ""3d""}]",56.268916,"[{""name"": ""Walt Disney Pictures"", ""id"": 2}, {""name"": ""Team Todd"", ""id"": 598}, {""name"": ""Tim Burton Productions"", ""id"": 8601}, {""name"": ""Roth Films"", ""id"": 16314}, {""name"": ""Legend3D"", ""id"": 37455}]",gb,5/25/16,299370084,113,Alice Through the Looking Glass,6.5,1725
110000000,"[{""id"": 12, ""name"": ""Adventure""}, {""id"": 878, ""name"": ""Science Fiction""}]",262504,"[{""id"": 818, ""name"": ""based on novel""}, {""id"": 2020, ""name"": ""revolution""}, {""id"": 4565, ""name"": ""dystopia""}, {""id"": 9663, ""name"": ""sequel""}, {""id"": 162988, ""name"": ""dystopic future""}, {""id"": 206298, ""name"": ""young adult""}, {""id"": 223438, ""name"": ""based on young adult novel""}]",86.105615,"[{""name"": ""Summit Entertainment"", ""id"": 491}, {""name"": ""Lionsgate"", ""id"": 1632}, {""name"": ""Mandeville Films"", ""id"": 10227}, {""name"": ""Red Wagon Entertainment"", ""id"": 14440}]",us,3/9/16,179246868,121,Allegiant,5.9,1998
20000000,"[{""id"": 35, ""name"": ""Comedy""}]",376659,"[{""id"": 567, ""name"": ""alcohol""}, {""id"": 1010, ""name"": ""bar""}, {""id"": 8508, ""name"": ""party""}, {""id"": 15160, ""name"": ""divorce""}, {""id"": 18035, ""name"": ""family""}, {""id"": 163173, ""name"": ""hit and run""}, {""id"": 193674, ""name"": ""bathroom humor""}]",42.512296,"[{""name"": ""STX Entertainment"", ""id"": 47729}, {""name"": ""Huayi Brothers Pictures"", ""id"": 78996}, {""name"": ""BillBlock Media"", ""id"": 90185}]",us,7/28/16,183936074,100,Bad Moms,6.3,1252
250000000,"[{""id"": 28, ""name"": ""Action""}, {""id"": 12, ""name"": ""Adventure""}, {""id"": 14, ""name"": ""Fantasy""}]",209112,"[{""id"": 849, ""name"": ""dc comics""}, {""id"": 7002, ""name"": ""vigilante""}, {""id"": 9715, ""name"": ""superhero""}, {""id"": 9717, ""name"": ""based on comic book""}, {""id"": 9748, ""name"": ""revenge""}, {""id"": 163455, ""name"": ""super powers""}, {""id"": 195242, ""name"": ""clark kent""}, {""id"": 195243, ""name"": ""bruce wayne""}, {""id"": 229266, ""name"": ""dc extended universe""}]",155.790452,"[{""name"": ""DC Comics"", ""id"": 429}, {""name"": ""Atlas Entertainment"", ""id"": 507}, {""name"": ""Warner Bros."", ""id"": 6194}, {""name"": ""DC Entertainment"", ""id"": 9993}, {""name"": ""Cruel & Unusual Films"", ""id"": 9995}, {""name"": ""RatPac-Dune Entertainment"", ""id"": 41624}]",us,3/23/16,873260194,151,Batman v Superman: Dawn of Justice,5.7,7004
100000000,"[{""id"": 18, ""name"": ""Drama""}]",271969,"[{""id"": 10085, ""name"": ""betrayal""}, {""id"": 232766, ""name"": ""vengeance""}]",29.608322,"[{""name"": ""Paramount Pictures"", ""id"": 4}, {""name"": ""Metro-Goldwyn-Mayer (MGM)"", ""id"": 8411}, {""name"": ""Sean Daniel Company"", ""id"": 19857}, {""name"": ""LightWorkers Media"", ""id"": 23920}]",us,8/17/16,94061311,125,Ben-Hur,5.3,621
250000000,"[{""id"": 12, ""name"": ""Adventure""}, {""id"": 28, ""name"": ""Action""}, {""id"": 878, ""name"": ""Science Fiction""}]",271110,"[{""id"": 393, ""name"": ""civil war""}, {""id"": 6091, ""name"": ""war""}, {""id"": 8828, ""name"": ""marvel comic""}, {""id"": 9663, ""name"": ""sequel""}, {""id"": 9715, ""name"": ""superhero""}, {""id"": 9717, ""name"": ""based on comic book""}, {""id"": 156395, ""name"": ""imax""}, {""id"": 179430, ""name"": ""aftercreditsstinger""}, {""id"": 179431, ""name"": ""duringcreditsstinger""}, {""id"": 180547, ""name"": ""marvel cinematic universe""}, {""id"": 209714, ""name"": ""3d""}]",198.372395,"[{""name"": ""Studio Babelsberg"", ""id"": 264}, {""name"": ""Marvel Studios"", ""id"": 420}, {""name"": ""Walt Disney Studios Motion Pictures"", ""id"": 3036}, {""name"": ""Vita-Ray Dutch Productions (III)"", ""id"": 84424}, {""name"": ""Deluxe Digital Studios"", ""id"": 84425}]",us,4/27/16,1153304495,147,Captain America: Civil War,7.1,7241
50000000,"[{""id"": 28, ""name"": ""Action""}, {""id"": 35, ""name"": ""Comedy""}]",302699,"[{""id"": 470, ""name"": ""spy""}, {""id"": 591, ""name"": ""cia""}, {""id"": 11134, ""name"": ""espionage""}, {""id"": 161213, ""name"": ""high school reunion""}, {""id"": 173367, ""name"": ""reference to facebook""}, {""id"": 207697, ""name"": ""accountant""}]",45.318703,"[{""name"": ""New Line Cinema"", ""id"": 12}, {""name"": ""Universal Pictures"", ""id"": 33}, {""name"": ""Bluegrass Films"", ""id"": 13778}, {""name"": ""Principato-Young Entertainment"", ""id"": 37845}]",us,6/15/16,216972543,107,Central Intelligence,6.2,1650
31500000,"[{""id"": 28, ""name"": ""Action""}]",302156,"[{""id"": 591, ""name"": ""cia""}, {""id"": 10937, ""name"": ""memory""}, {""id"": 15234, ""name"": ""convict""}, {""id"": 46955, ""name"": ""implant""}]",27.891012,"[{""name"": ""Lionsgate"", ""id"": 1632}, {""name"": ""BenderSpink"", ""id"": 6363}, {""name"": ""Millennium Films"", ""id"": 10254}, {""name"": ""Fipex Holding"", ""id"": 40822}, {""name"": ""Campbell Grobman Films"", ""id"": 48738}, {""name"": ""Criminal Productions"", ""id"": 91929}]",gb,4/14/16,14708696,113,Criminal,5.7,557
58000000,"[{""id"": 28, ""name"": ""Action""}, {""id"": 12, ""name"": ""Adventure""}, {""id"": 35, ""name"": ""Comedy""}]",293660,"[{""id"": 2095, ""name"": ""anti hero""}, {""id"": 3070, ""name"": ""mercenary""}, {""id"": 8828, ""name"": ""marvel comic""}, {""id"": 9715, ""name"": ""superhero""}, {""id"": 9717, ""name"": ""based on comic book""}, {""id"": 11687, ""name"": ""breaking the fourth wall""}, {""id"": 179430, ""name"": ""aftercreditsstinger""}, {""id"": 179431, ""name"": ""duringcreditsstinger""}, {""id"": 223060, ""name"": ""self healing""}]",514.569956,"[{""name"": ""Twentieth Century Fox Film Corporation"", ""id"": 306}, {""name"": ""Marvel Entertainment"", ""id"": 7505}, {""name"": ""The Donners' Company"", ""id"": 11307}, {""name"": ""TSG Entertainment"", ""id"": 22213}, {""name"": ""Kinberg Genre"", ""id"": 78091}]",us,2/9/16,783112979,108,Deadpool,7.4,10995
11500000,"[{""id"": 35, ""name"": ""Comedy""}]",291870,"[{""id"": 1158, ""name"": ""grandfather grandson relationship""}, {""id"": 4412, ""name"": ""grandfather""}, {""id"": 7312, ""name"": ""road trip""}, {""id"": 13027, ""name"": ""wedding""}, {""id"": 18115, ""name"": ""retired""}, {""id"": 33656, ""name"": ""pervert""}, {""id"": 156883, ""name"": ""army general""}, {""id"": 170827, ""name"": ""sex comedy""}]",56.805781,"[{""name"": ""Lionsgate"", ""id"": 1632}, {""name"": ""Josephson Entertainment"", ""id"": 1894}, {""name"": ""QED International"", ""id"": 11029}, {""name"": ""Ninjas Runnin' Wild Productions"", ""id"": 28200}, {""name"": ""Covert Media"", ""id"": 73666}, {""name"": ""BillBlock Media"", ""id"": 90185}]",us,1/21/16,94073028,102,Dirty Grandpa,5.7,1406
23000000,"[{""id"": 35, ""name"": ""Comedy""}, {""id"": 18, ""name"": ""Drama""}, {""id"": 36, ""name"": ""History""}]",319888,"[{""id"": 240, ""name"": ""underdog""}, {""id"": 2070, ""name"": ""olympic games""}, {""id"": 3476, ""name"": ""ski jump""}, {""id"": 5565, ""name"": ""biography""}, {""id"": 6075, ""name"": ""sport""}, {""id"": 9672, ""name"": ""based on true story""}, {""id"": 14905, ""name"": ""britain""}, {""id"": 159558, ""name"": ""skiing""}, {""id"": 234095, ""name"": ""feel good""}]",29.365851,"[{""name"": ""Studio Babelsberg"", ""id"": 264}, {""name"": ""Twentieth Century Fox Film Corporation"", ""id"": 306}, {""name"": ""Marv Films"", ""id"": 5374}, {""name"": ""Saville Productions"", ""id"": 73620}]",de,2/26/16,46152800,106,Eddie the Eagle,7.2,661
20000000,"[{""id"": 10749, ""name"": ""Romance""}, {""id"": 35, ""name"": ""Comedy""}]",351819,"[{""id"": 572, ""name"": ""sex""}, {""id"": 9215, ""name"": ""black""}, {""id"": 9755, ""name"": ""parody""}, {""id"": 11931, ""name"": ""spoof""}, {""id"": 33626, ""name"": ""millionaire""}]",14.947588,"[{""name"": ""Open Road Films (II)"", ""id"": 16313}]",us,1/28/16,21164799,92,Fifty Shades of Black,4.3,331
29000000,"[{""id"": 35, ""name"": ""Comedy""}, {""id"": 18, ""name"": ""Drama""}]",315664,"[{""id"": 2199, ""name"": ""opera""}, {""id"": 5565, ""name"": ""biography""}, {""id"": 235768, ""name"": ""singing false""}]",19.237254,"[{""name"": ""BBC Films"", ""id"": 288}, {""name"": ""Qwerty Films"", ""id"": 892}, {""name"": ""Path\u00e9"", ""id"": 7981}]",gb,5/6/16,48902953,110,Florence Foster Jenkins,6.6,392
50000000,"[{""id"": 10752, ""name"": ""War""}, {""id"": 28, ""name"": ""Action""}, {""id"": 18, ""name"": ""Drama""}, {""id"": 36, ""name"": ""History""}, {""id"": 53, ""name"": ""Thriller""}]",316152,"[{""id"": 2831, ""name"": ""slavery""}, {""id"": 179585, ""name"": ""american civil war""}]",21.589393,"[{""name"": ""Larger Than Life Productions"", ""id"": 1163}, {""name"": ""Vendian Entertainment"", ""id"": 50481}, {""name"": ""Route One Films"", ""id"": 50482}]",us,6/24/16,25035950,139,Free State of Jones,6.6,428
144000000,"[{""id"": 28, ""name"": ""Action""}, {""id"": 14, ""name"": ""Fantasy""}, {""id"": 35, ""name"": ""Comedy""}]",43074,"[{""id"": 5248, ""name"": ""female friendship""}, {""id"": 15040, ""name"": ""ghost hunting""}, {""id"": 161184, ""name"": ""reboot""}, {""id"": 162846, ""name"": ""ghost""}]",66.21806,"[{""name"": ""Columbia Pictures"", ""id"": 5}, {""name"": ""Village Roadshow Pictures"", ""id"": 79}, {""name"": ""Montecito Picture Company, The"", ""id"": 4607}, {""name"": ""LStar Capital"", ""id"": 34034}, {""name"": ""Feigco Entertainment"", ""id"": 61791}, {""name"": ""Pascal Pictures"", ""id"": 84041}, {""name"": ""Ghostcorps"", ""id"": 84042}]",us,7/14/16,229147509,116,Ghostbusters,5.3,2142
5000000,"[{""id"": 18, ""name"": ""Drama""}]",347126,"[{""id"": 5950, ""name"": ""christian""}]",6.96858,"[{""name"": ""Pure Flix Productions"", ""id"": 79986}]",us,4/1/16,23507567,121,God's Not Dead 2,5.7,72
140000000,"[{""id"": 14, ""name"": ""Fantasy""}]",205584,"[{""id"": 1160, ""name"": ""egypt""}, {""id"": 1449, ""name"": ""underworld""}, {""id"": 1721, ""name"": ""fight""}, {""id"": 2035, ""name"": ""mythology""}, {""id"": 2906, ""name"": ""nile""}, {""id"": 6091, ""name"": ""war""}, {""id"": 9727, ""name"": ""thief""}, {""id"": 10084, ""name"": ""rescue""}, {""id"": 18034, ""name"": ""desert""}, {""id"": 161172, ""name"": ""gods""}, {""id"": 163338, ""name"": ""egyptian mythology""}, {""id"": 185638, ""name"": ""egyptian""}, {""id"": 227686, ""name"": ""myth""}]",56.257249,"[{""name"": ""Summit Entertainment"", ""id"": 491}, {""name"": ""Mystery Clock Cinema"", ""id"": 908}, {""name"": ""Thunder Road Pictures"", ""id"": 3528}, {""name"": ""TIK Films"", ""id"": 72441}, {""name"": ""Pyramania"", ""id"": 88715}]",au,2/25/16,150680864,127,Gods of Egypt,5.3,1277
5000000,"[{""id"": 27, ""name"": ""Horror""}, {""id"": 80, ""name"": ""Crime""}, {""id"": 53, ""name"": ""Thriller""}]",313922,"[{""id"": 379, ""name"": ""skinhead""}, {""id"": 2671, ""name"": ""heroin""}, {""id"": 6027, ""name"": ""music""}, {""id"": 9665, ""name"": ""cover-up""}, {""id"": 9826, ""name"": ""murder""}, {""id"": 9937, ""name"": ""suspense""}, {""id"": 10292, ""name"": ""gore""}, {""id"": 10798, ""name"": ""duct tape""}, {""id"": 11105, ""name"": ""swastika""}, {""id"": 12341, ""name"": ""pitbull""}, {""id"": 15155, ""name"": ""witness to murder""}, {""id"": 157470, ""name"": ""meat cleaver""}, {""id"": 157532, ""name"": ""bitten in the neck""}, {""id"": 159949, ""name"": ""neo nazi""}, {""id"": 173919, ""name"": ""punk band""}, {""id"": 180179, ""name"": ""fire extinguisher""}, {""id"": 210012, ""name"": ""mumblegore""}, {""id"": 212424, ""name"": ""killer dog""}, {""id"": 221615, ""name"": ""mauling""}, {""id"": 226907, ""name"": ""box cutter""}, {""id"": 226930, ""name"": ""feedback""}, {""id"": 226931, ""name"": ""mic stand""}]",30.001024,"[{""name"": ""Film Science"", ""id"": 1976}, {""name"": ""Broad Green Pictures"", ""id"": 49389}]",us,4/15/16,3220371,95,Green Room,6.7,683
22000000,"[{""id"": 35, ""name"": ""Comedy""}, {""id"": 18, ""name"": ""Drama""}, {""id"": 9648, ""name"": ""Mystery""}]",270487,"[{""id"": 736, ""name"": ""journalist""}, {""id"": 977, ""name"": ""cat""}, {""id"": 1336, ""name"": ""ransom""}, {""id"": 1930, ""name"": ""kidnapping""}, {""id"": 5049, ""name"": ""ancient rome""}, {""id"": 9732, ""name"": ""movie in movie""}, {""id"": 12396, ""name"": ""hollywood""}, {""id"": 15060, ""name"": ""period drama""}]",39.006187,"[{""name"": ""Universal Pictures"", ""id"": 33}, {""name"": ""Mike Zoss Productions"", ""id"": 2092}, {""name"": ""Working Title Films"", ""id"": 10163}]",us,2/5/16,63647656,106,"Hail, Caesar!",5.7,1309
38000000,"[{""id"": 35, ""name"": ""Comedy""}, {""id"": 10749, ""name"": ""Romance""}]",259694,"[{""id"": 242, ""name"": ""new york""}, {""id"": 818, ""name"": ""based on novel""}, {""id"": 2864, ""name"": ""one-night stand""}, {""id"": 9457, ""name"": ""single""}]",46.078371,"[{""name"": ""New Line Cinema"", ""id"": 12}, {""name"": ""Flower Films"", ""id"": 2214}, {""name"": ""Metro-Goldwyn-Mayer Pictures"", ""id"": 6127}]",us,1/21/16,112343513,110,How to Be Single,5.9,1201
165000000,"[{""id"": 28, ""name"": ""Action""}, {""id"": 12, ""name"": ""Adventure""}, {""id"": 878, ""name"": ""Science Fiction""}]",47933,"[{""id"": 12026, ""name"": ""alternate history""}, {""id"": 14909, ""name"": ""alien invasion""}]",48.775723,"[{""name"": ""Twentieth Century Fox Film Corporation"", ""id"": 306}, {""name"": ""Centropolis Entertainment"", ""id"": 347}, {""name"": ""TSG Entertainment"", ""id"": 22213}, {""name"": ""Stereo D"", ""id"": 86561}]",us,6/22/16,389681935,120,Independence Day: Resurgence,4.9,2491
120000000,"[{""id"": 28, ""name"": ""Action""}, {""id"": 53, ""name"": ""Thriller""}]",324668,"[{""id"": 782, ""name"": ""assassin""}, {""id"": 1453, ""name"": ""amnesia""}, {""id"": 187844, ""name"": ""flashback""}]",62.641286,"[{""name"": ""The Kennedy/Marshall Company"", ""id"": 862}, {""name"": ""Captivate Entertainment"", ""id"": 25716}, {""name"": ""Pearl Street Films"", ""id"": 29313}, {""name"": ""Double Negative"", ""id"": 31922}, {""name"": ""Perfect World (Beijing) Pictures Co."", ""id"": 83871}]",gb,7/27/16,415484914,123,Jason Bourne,5.9,2341
15000000,"[{""id"": 28, ""name"": ""Action""}, {""id"": 35, ""name"": ""Comedy""}]",342521,"[{""id"": 2708, ""name"": ""hitman""}, {""id"": 3688, ""name"": ""strip club""}, {""id"": 12532, ""name"": ""african american""}, {""id"": 13142, ""name"": ""gangster""}, {""id"": 15483, ""name"": ""car chase""}, {""id"": 156143, ""name"": ""kitten""}, {""id"": 167541, ""name"": ""buddy comedy""}, {""id"": 208009, ""name"": ""gun fight""}, {""id"": 227198, ""name"": ""stolen pet""}, {""id"": 227201, ""name"": ""designer drug""}]",18.268009,"[{""name"": ""New Line Cinema"", ""id"": 12}]",us,4/21/16,20566327,94,Keanu,6,421
145000000,"[{""id"": 28, ""name"": ""Action""}, {""id"": 12, ""name"": ""Adventure""}, {""id"": 16, ""name"": ""Animation""}, {""id"": 35, ""name"": ""Comedy""}, {""id"": 10751, ""name"": ""Family""}]",140300,"[{""id"": 478, ""name"": ""china""}, {""id"": 779, ""name"": ""martial arts""}, {""id"": 780, ""name"": ""kung fu""}, {""id"": 5331, ""name"": ""village""}, {""id"": 8531, ""name"": ""panda""}, {""id"": 9663, ""name"": ""sequel""}, {""id"": 11477, ""name"": ""talking animal""}, {""id"": 11500, ""name"": ""anthropomorphism""}, {""id"": 12554, ""name"": ""dragon""}, {""id"": 15036, ""name"": ""ancient china""}, {""id"": 184656, ""name"": ""wuxia""}, {""id"": 187056, ""name"": ""woman director""}]",56.747978,"[{""name"": ""Twentieth Century Fox Film Corporation"", ""id"": 306}, {""name"": ""DreamWorks Animation"", ""id"": 521}, {""name"": ""China Film Co."", ""id"": 40890}, {""name"": ""Oriental DreamWorks"", ""id"": 76266}]",cn,1/23/16,521170825,95,Kung Fu Panda 3,6.7,1603
4900000,"[{""id"": 27, ""name"": ""Horror""}, {""id"": 53, ""name"": ""Thriller""}]",345911,"[{""id"": 236, ""name"": ""suicide""}, {""id"": 3762, ""name"": ""darkness""}, {""id"": 9866, ""name"": ""basement""}, {""id"": 156866, ""name"": ""based on short story""}, {""id"": 161812, ""name"": ""fear of the dark""}, {""id"": 162846, ""name"": ""ghost""}]",48.170508,"[{""name"": ""New Line Productions"", ""id"": 8781}, {""name"": ""Matter Productions"", ""id"": 13554}, {""name"": ""Atomic Monster"", ""id"": 76907}]",us,7/21/16,44107032,81,Lights Out,6.3,1129
60000000,"[{""id"": 28, ""name"": ""Action""}, {""id"": 80, ""name"": ""Crime""}, {""id"": 53, ""name"": ""Thriller""}]",267860,"[{""id"": 212, ""name"": ""london england""}, {""id"": 949, ""name"": ""terrorist""}, {""id"": 158774, ""name"": ""terrorist attack""}]",61.849521,"[{""name"": ""Millennium Films"", ""id"": 10254}, {""name"": ""LHF Film"", ""id"": 73045}, {""name"": ""Gerard Butler Alan Siegel Entertainment"", ""id"": 73046}, {""name"": ""Nu Boyana Film Studios"", ""id"": 74795}]",bg,3/2/16,205754447,99,London Has Fallen,5.8,1621
20000000,"[{""id"": 18, ""name"": ""Drama""}, {""id"": 10749, ""name"": ""Romance""}]",296096,"[{""id"": 392, ""name"": ""england""}, {""id"": 818, ""name"": ""based on novel""}, {""id"": 894, ""name"": ""depression""}, {""id"": 1415, ""name"": ""small town""}, {""id"": 2564, ""name"": ""wheelchair""}, {""id"": 10241, ""name"": ""caretaker""}, {""id"": 155209, ""name"": ""caregiver""}, {""id"": 158558, ""name"": ""disabled""}, {""id"": 169152, ""name"": ""twenty something""}, {""id"": 187056, ""name"": ""woman director""}, {""id"": 191100, ""name"": ""romantic drama""}, {""id"": 207443, ""name"": ""dead end job""}, {""id"": 207819, ""name"": ""accident""}]",53.161905,"[{""name"": ""New Line Cinema"", ""id"": 12}, {""name"": ""Sunswept Entertainment"", ""id"": 5219}, {""name"": ""Metro-Goldwyn-Mayer (MGM)"", ""id"": 8411}]",us,6/2/16,207945075,110,Me Before You,7.6,2562
18000000,"[{""id"": 12, ""name"": ""Adventure""}, {""id"": 18, ""name"": ""Drama""}, {""id"": 878, ""name"": ""Science Fiction""}]",245703,"[{""id"": 494, ""name"": ""father son relationship""}, {""id"": 720, ""name"": ""helicopter""}, {""id"": 1812, ""name"": ""fbi""}, {""id"": 2669, ""name"": ""motel""}, {""id"": 3713, ""name"": ""chase""}, {""id"": 170865, ""name"": ""child kidnapping""}, {""id"": 173177, ""name"": ""religious sect""}, {""id"": 226471, ""name"": ""goggles""}]",32.717853,"[{""name"": ""Warner Bros."", ""id"": 6194}, {""name"": ""Faliro House Productions"", ""id"": 19246}, {""name"": ""Tri-State Pictures"", ""id"": 50914}]",us,2/18/16,6212282,112,Midnight Special,6.2,694
16000000,"[{""id"": 18, ""name"": ""Drama""}]",339984,"[{""id"": 2618, ""name"": ""miracle""}, {""id"": 5950, ""name"": ""christian""}, {""id"": 180443, ""name"": ""cure""}, {""id"": 187056, ""name"": ""woman director""}, {""id"": 207819, ""name"": ""accident""}]",10.248439,"[{""name"": ""TriStar Pictures"", ""id"": 559}, {""name"": ""Sony Pictures Entertainment"", ""id"": 5752}]",us,3/17/16,77000000,117,Miracles from Heaven,6.7,186
27000000,"[{""id"": 53, ""name"": ""Thriller""}]",303858,"[{""id"": 258, ""name"": ""bomb""}, {""id"": 1589, ""name"": ""sniper""}, {""id"": 2571, ""name"": ""tv show""}, {""id"": 3051, ""name"": ""hostage drama""}, {""id"": 6149, ""name"": ""police""}, {""id"": 7188, ""name"": ""hostage-taking""}, {""id"": 14512, ""name"": ""new york city""}, {""id"": 177493, ""name"": ""stock market""}, {""id"": 181320, ""name"": ""stock fraud""}, {""id"": 187056, ""name"": ""woman director""}, {""id"": 214499, ""name"": ""tv studio""}]",38.279458,"[{""name"": ""TriStar Pictures"", ""id"": 559}, {""name"": ""Sony Pictures Releasing"", ""id"": 3045}, {""name"": ""Smokehouse Pictures"", ""id"": 22695}, {""name"": ""LStar Capital"", ""id"": 34034}, {""name"": ""Allegiance Theater"", ""id"": 54454}]",us,5/12/16,93282604,98,Money Monster,6.5,1068
18000000,"[{""id"": 10749, ""name"": ""Romance""}, {""id"": 35, ""name"": ""Comedy""}, {""id"": 10751, ""name"": ""Family""}]",302688,"[{""id"": 10267, ""name"": ""comedy""}, {""id"": 13027, ""name"": ""wedding""}]",16.027955,"[{""name"": ""Universal Pictures"", ""id"": 33}, {""name"": ""Playtone"", ""id"": 4171}, {""name"": ""HBO Films"", ""id"": 7429}, {""name"": ""Gold Circle Films"", ""id"": 12026}]",ca,3/23/16,88923251,94,My Big Fat Greek Wedding 2,5.5,322
35000000,"[{""id"": 35, ""name"": ""Comedy""}]",325133,"[{""id"": 567, ""name"": ""alcohol""}, {""id"": 3616, ""name"": ""college""}, {""id"": 8508, ""name"": ""party""}, {""id"": 9663, ""name"": ""sequel""}, {""id"": 10058, ""name"": ""sorority""}, {""id"": 10226, ""name"": ""neighbor""}, {""id"": 18035, ""name"": ""family""}, {""id"": 157632, ""name"": ""fraternity""}, {""id"": 193674, ""name"": ""bathroom humor""}]",50.179171,"[{""name"": ""Universal Pictures"", ""id"": 33}, {""name"": ""Perfect World Pictures"", ""id"": 10338}, {""name"": ""Point Grey Pictures"", ""id"": 16615}, {""name"": ""Good Universe"", ""id"": 17393}]",us,5/4/16,108758521,91,Neighbors 2: Sorority Rising,5.6,1462
20000000,"[{""id"": 9648, ""name"": ""Mystery""}, {""id"": 12, ""name"": ""Adventure""}, {""id"": 80, ""name"": ""Crime""}]",328387,"[{""id"": 818, ""name"": ""based on novel""}, {""id"": 1576, ""name"": ""technology""}, {""id"": 11615, ""name"": ""internet""}, {""id"": 12361, ""name"": ""hacking""}, {""id"": 13130, ""name"": ""teenager""}, {""id"": 14512, ""name"": ""new york city""}, {""id"": 18249, ""name"": ""game""}, {""id"": 186846, ""name"": ""adaptation""}, {""id"": 201871, ""name"": ""dare""}, {""id"": 212562, ""name"": ""cellphone video""}, {""id"": 223438, ""name"": ""based on young adult novel""}, {""id"": 229980, ""name"": ""smartphone""}, {""id"": 235098, ""name"": ""taking a risk""}]",62.933899,"[{""name"": ""Lionsgate"", ""id"": 1632}, {""name"": ""Allison Shearmur Productions"", ""id"": 47706}, {""name"": ""Keep Your Head"", ""id"": 79963}]",us,7/27/16,83707310,96,Nerve,7.1,2181
90000000,"[{""id"": 28, ""name"": ""Action""}, {""id"": 12, ""name"": ""Adventure""}, {""id"": 35, ""name"": ""Comedy""}, {""id"": 80, ""name"": ""Crime""}, {""id"": 9648, ""name"": ""Mystery""}, {""id"": 53, ""name"": ""Thriller""}]",291805,"[{""id"": 212, ""name"": ""london england""}, {""id"": 478, ""name"": ""china""}, {""id"": 2343, ""name"": ""magic""}, {""id"": 2908, ""name"": ""secret society""}, {""id"": 7002, ""name"": ""vigilante""}, {""id"": 9663, ""name"": ""sequel""}, {""id"": 9748, ""name"": ""revenge""}, {""id"": 10051, ""name"": ""heist""}, {""id"": 10562, ""name"": ""on the run""}, {""id"": 228519, ""name"": ""macau china""}, {""id"": 236458, ""name"": ""magician""}]",51.535701,"[{""name"": ""Summit Entertainment"", ""id"": 491}, {""name"": ""Lionsgate"", ""id"": 1632}, {""name"": ""K/O Paper Products"", ""id"": 7296}, {""name"": ""TIK Films"", ""id"": 72441}]",ca,6/2/16,334901337,129,Now You See Me 2,6.7,3235
65000000,"[{""id"": 12, ""name"": ""Adventure""}, {""id"": 10751, ""name"": ""Family""}, {""id"": 14, ""name"": ""Fantasy""}]",294272,"[{""id"": 5650, ""name"": ""feral child""}, {""id"": 9714, ""name"": ""remake""}, {""id"": 12554, ""name"": ""dragon""}, {""id"": 13014, ""name"": ""orphan""}, {""id"": 208289, ""name"": ""1980s""}, {""id"": 209220, ""name"": ""live action and animation""}]",31.974359,"[{""name"": ""Walt Disney Pictures"", ""id"": 2}, {""name"": ""Walt Disney Studios Motion Pictures"", ""id"": 3036}]",us,8/10/16,143695338,102,Pete's Dragon,6.2,679
28000000,"[{""id"": 10749, ""name"": ""Romance""}, {""id"": 27, ""name"": ""Horror""}, {""id"": 35, ""name"": ""Comedy""}, {""id"": 53, ""name"": ""Thriller""}]",58431,"[{""id"": 818, ""name"": ""based on novel""}, {""id"": 4565, ""name"": ""dystopia""}, {""id"": 9390, ""name"": ""shaolin""}, {""id"": 10360, ""name"": ""prejudice""}, {""id"": 12377, ""name"": ""zombie""}, {""id"": 156501, ""name"": ""pride""}, {""id"": 157286, ""name"": ""golddigger""}, {""id"": 210085, ""name"": ""regency period""}, {""id"": 222512, ""name"": ""parson""}, {""id"": 222513, ""name"": ""mashup""}]",28.397048,"[{""name"": ""Lionsgate"", ""id"": 1632}, {""name"": ""Handsomecharlie Films"", ""id"": 8873}, {""name"": ""Cross Creek Pictures"", ""id"": 10246}, {""name"": ""Darko Entertainment"", ""id"": 12622}, {""name"": ""Panorama Media"", ""id"": 13395}, {""name"": ""QC Entertainment"", ""id"": 72725}]",us,2/4/16,16374328,108,Pride and Prejudice and Zombies,5.5,640
5000000,"[{""id"": 28, ""name"": ""Action""}, {""id"": 18, ""name"": ""Drama""}]",323677,"[{""id"": 2070, ""name"": ""olympic games""}, {""id"": 5565, ""name"": ""biography""}, {""id"": 6075, ""name"": ""sport""}, {""id"": 6165, ""name"": ""historical figure""}, {""id"": 11064, ""name"": ""nazi germany""}, {""id"": 12425, ""name"": ""racism""}, {""id"": 12532, ""name"": ""african american""}, {""id"": 187901, ""name"": ""track and field""}]",22.9951,"[{""name"": ""Forecast Pictures"", ""id"": 12686}, {""name"": ""Solofilms"", ""id"": 50083}, {""name"": ""JoBro Productions & Film Finance"", ""id"": 50084}, {""name"": ""Trinity Race"", ""id"": 78218}]",ca,2/19/16,24804129,134,Race,7.1,478
40000000,"[{""id"": 28, ""name"": ""Action""}, {""id"": 35, ""name"": ""Comedy""}]",323675,"[{""id"": 6149, ""name"": ""police""}, {""id"": 9663, ""name"": ""sequel""}, {""id"": 15090, ""name"": ""police officer""}, {""id"": 164677, ""name"": ""brother-in-law brother-in-law relationship""}, {""id"": 179450, ""name"": ""black men""}, {""id"": 217452, ""name"": ""buddy film""}]",25.136082,"[{""name"": ""Universal Pictures"", ""id"": 33}, {""name"": ""Cube Vision"", ""id"": 2780}, {""name"": ""Will Packer Productions"", ""id"": 49968}, {""name"": ""Reel Chefs Catering"", ""id"": 83397}]",us,1/14/16,124827316,102,Ride Along 2,6.1,555
20000000,"[{""id"": 28, ""name"": ""Action""}]",335778,"[{""id"": 186, ""name"": ""christianity""}, {""id"": 2974, ""name"": ""jesus christ""}, {""id"": 3033, ""name"": ""apostle""}, {""id"": 3571, ""name"": ""crucifixion""}, {""id"": 3575, ""name"": ""jerusalem""}, {""id"": 5049, ""name"": ""ancient rome""}, {""id"": 6150, ""name"": ""faith""}, {""id"": 6506, ""name"": ""resurrection""}, {""id"": 10877, ""name"": ""dead body""}, {""id"": 11704, ""name"": ""judaism""}, {""id"": 14989, ""name"": ""religious""}, {""id"": 156081, ""name"": ""tomb""}]",16.663797,"[{""name"": ""Columbia Pictures"", ""id"": 5}, {""name"": ""Affirm Films"", ""id"": 10156}, {""name"": ""LD Entertainment"", ""id"": 10285}, {""name"": ""Patrick Aiello Productions"", ""id"": 59827}]",us,2/19/16,46069568,107,Risen,5.7,295
19000000,"[{""id"": 12, ""name"": ""Adventure""}, {""id"": 16, ""name"": ""Animation""}, {""id"": 35, ""name"": ""Comedy""}, {""id"": 14, ""name"": ""Fantasy""}]",223702,"[{""id"": 1545, ""name"": ""supermarket""}, {""id"": 8508, ""name"": ""party""}, {""id"": 9956, ""name"": ""sausage""}, {""id"": 10637, ""name"": ""food""}, {""id"": 11500, ""name"": ""anthropomorphism""}, {""id"": 18049, ""name"": ""sex scene""}, {""id"": 155707, ""name"": ""musical number""}, {""id"": 161919, ""name"": ""adult animation""}, {""id"": 168867, ""name"": ""grocery store""}, {""id"": 228646, ""name"": ""gum""}]",66.242737,"[{""name"": ""Columbia Pictures"", ""id"": 5}, {""name"": ""Sony Pictures Animation"", ""id"": 2251}, {""name"": ""Sony Pictures Entertainment"", ""id"": 5752}, {""name"": ""Annapurna Pictures"", ""id"": 13184}, {""name"": ""Point Grey Pictures"", ""id"": 16615}, {""name"": ""Nitrogen Studios Canada"", ""id"": 46875}]",ca,7/11/16,140752617,83,Sausage Party,5.6,2238
15000000,"[{""id"": 28, ""name"": ""Action""}, {""id"": 12, ""name"": ""Adventure""}, {""id"": 18, ""name"": ""Drama""}, {""id"": 27, ""name"": ""Horror""}, {""id"": 878, ""name"": ""Science Fiction""}]",315011,"[{""id"": 1299, ""name"": ""monster""}, {""id"": 7671, ""name"": ""godzilla""}, {""id"": 11100, ""name"": ""giant monster""}, {""id"": 14796, ""name"": ""destruction""}, {""id"": 161791, ""name"": ""kaiju""}, {""id"": 235525, ""name"": ""toyko""}]",9.476999,"[{""name"": ""Cine Bazar"", ""id"": 5896}, {""name"": ""Toho Pictures"", ""id"": 49301}]",jp,7/29/16,77000000,120,Shin Godzilla,6.5,143
185000000,"[{""id"": 28, ""name"": ""Action""}, {""id"": 12, ""name"": ""Adventure""}, {""id"": 878, ""name"": ""Science Fiction""}]",188927,"[{""id"": 9663, ""name"": ""sequel""}, {""id"": 9743, ""name"": ""stranded""}, {""id"": 158449, ""name"": ""hatred""}, {""id"": 161176, ""name"": ""space opera""}]",65.352913,"[{""name"": ""Paramount Pictures"", ""id"": 4}, {""name"": ""Bad Robot"", ""id"": 11461}, {""name"": ""Perfect Storm Entertainment"", ""id"": 34530}, {""name"": ""Alibaba Pictures Group"", ""id"": 69484}, {""name"": ""Skydance Media"", ""id"": 82819}, {""name"": ""Sneaky Shark"", ""id"": 83644}, {""name"": ""Huahua Media"", ""id"": 83645}]",us,7/7/16,343471816,122,Star Trek Beyond,6.6,2568
175000000,"[{""id"": 28, ""name"": ""Action""}, {""id"": 12, ""name"": ""Adventure""}, {""id"": 80, ""name"": ""Crime""}, {""id"": 14, ""name"": ""Fantasy""}, {""id"": 878, ""name"": ""Science Fiction""}]",297761,"[{""id"": 849, ""name"": ""dc comics""}, {""id"": 1296, ""name"": ""shared universe""}, {""id"": 2095, ""name"": ""anti hero""}, {""id"": 3269, ""name"": ""secret mission""}, {""id"": 3289, ""name"": ""villain""}, {""id"": 9715, ""name"": ""superhero""}, {""id"": 194404, ""name"": ""supervillain""}, {""id"": 229266, ""name"": ""dc extended universe""}]",90.23792,"[{""name"": ""DC Comics"", ""id"": 429}, {""name"": ""Dune Entertainment"", ""id"": 444}, {""name"": ""Atlas Entertainment"", ""id"": 507}, {""name"": ""Warner Bros."", ""id"": 6194}, {""name"": ""DC Entertainment"", ""id"": 9993}]",us,8/2/16,745000000,123,Suicide Squad,5.9,7458
135000000,"[{""id"": 14, ""name"": ""Fantasy""}, {""id"": 28, ""name"": ""Action""}, {""id"": 12, ""name"": ""Adventure""}, {""id"": 35, ""name"": ""Comedy""}]",308531,"[{""id"": 380, ""name"": ""brother brother relationship""}, {""id"": 6362, ""name"": ""turtle""}, {""id"": 9663, ""name"": ""sequel""}, {""id"": 9717, ""name"": ""based on comic book""}, {""id"": 10278, ""name"": ""ninja""}, {""id"": 189359, ""name"": ""rat""}]",39.873791,"[{""name"": ""Paramount Pictures"", ""id"": 4}, {""name"": ""Nickelodeon Movies"", ""id"": 2348}, {""name"": ""Platinum Dunes"", ""id"": 2481}, {""name"": ""5150 Action"", ""id"": 47354}, {""name"": ""Gama Entertainment Partners"", ""id"": 77208}]",cn,6/1/16,245623848,112,Teenage Mutant Ninja Turtles: Out of the Shadows,5.8,963
38000000,"[{""id"": 12, ""name"": ""Adventure""}, {""id"": 878, ""name"": ""Science Fiction""}]",299687,"[{""id"": 818, ""name"": ""based on novel""}, {""id"": 4565, ""name"": ""dystopia""}, {""id"": 9951, ""name"": ""alien""}, {""id"": 14909, ""name"": ""alien invasion""}, {""id"": 207569, ""name"": ""human subjugation""}, {""id"": 215299, ""name"": ""environmental disaster""}, {""id"": 223438, ""name"": ""based on young adult novel""}]",57.889964,"[{""name"": ""Columbia Pictures"", ""id"": 5}, {""name"": ""GK Films"", ""id"": 3281}, {""name"": ""Material Pictures"", ""id"": 12139}, {""name"": ""LStar Capital"", ""id"": 34034}]",us,1/14/16,109906372,112,The 5th Wave,5.6,1945
73000000,"[{""id"": 10751, ""name"": ""Family""}, {""id"": 16, ""name"": ""Animation""}]",153518,"[{""id"": 2041, ""name"": ""island""}, {""id"": 2646, ""name"": ""bird""}, {""id"": 4931, ""name"": ""pig""}, {""id"": 11477, ""name"": ""talking animal""}, {""id"": 41645, ""name"": ""based on video game""}, {""id"": 199263, ""name"": ""anger management""}, {""id"": 209714, ""name"": ""3d""}]",45.720894,"[{""name"": ""Columbia Pictures"", ""id"": 5}, {""name"": ""Rovio Entertainment"", ""id"": 18642}, {""name"": ""Sony Pictures Imageworks (SPI)"", ""id"": 30692}, {""name"": ""Rovio Mobile"", ""id"": 50848}, {""name"": ""Rovio Animation"", ""id"": 91920}]",fl,5/11/16,349779543,97,The Angry Birds Movie,5.9,1022
140000000,"[{""id"": 12, ""name"": ""Adventure""}, {""id"": 10751, ""name"": ""Family""}, {""id"": 14, ""name"": ""Fantasy""}]",267935,"[{""id"": 212, ""name"": ""london england""}, {""id"": 392, ""name"": ""england""}, {""id"": 818, ""name"": ""based on novel""}, {""id"": 2011, ""name"": ""queen""}, {""id"": 12663, ""name"": ""little girl""}, {""id"": 13014, ""name"": ""orphan""}, {""id"": 14895, ""name"": ""cannibal""}, {""id"": 189099, ""name"": ""giant""}, {""id"": 227364, ""name"": ""evil brother""}]",44.19092,"[{""name"": ""Walt Disney Pictures"", ""id"": 2}, {""name"": ""Amblin Entertainment"", ""id"": 56}, {""name"": ""Reliance Entertainment"", ""id"": 7294}, {""name"": ""Kennedy/Marshall Company, The"", ""id"": 7383}, {""name"": ""Walden Media"", ""id"": 10221}]",in,6/1/16,183345589,120,The BFG,6,1000
8500000,"[{""id"": 18, ""name"": ""Drama""}]",339408,"[{""id"": 2831, ""name"": ""slavery""}]",9.452808,"[{""name"": ""Phantom Four"", ""id"": 423}, {""name"": ""Mandalay Pictures"", ""id"": 551}, {""name"": ""Bron Studios"", ""id"": 13240}, {""name"": ""Tiny Giant Entertainment"", ""id"": 53155}]",us,9/9/16,15861566,120,The Birth of a Nation,6.5,178
29000000,"[{""id"": 35, ""name"": ""Comedy""}]",323676,"[{""id"": 4021, ""name"": ""business woman""}, {""id"": 156121, ""name"": ""ex-con""}, {""id"": 179431, ""name"": ""duringcreditsstinger""}, {""id"": 209788, ""name"": ""girl scouts""}]",20.55509,"[{""name"": ""Universal Pictures"", ""id"": 33}]",us,4/7/16,78636257,91,The Boss,5.5,431
10000000,"[{""id"": 27, ""name"": ""Horror""}, {""id"": 9648, ""name"": ""Mystery""}, {""id"": 53, ""name"": ""Thriller""}]",321258,"[{""id"": 236, ""name"": ""suicide""}, {""id"": 392, ""name"": ""england""}, {""id"": 657, ""name"": ""fire""}, {""id"": 1655, ""name"": ""country house""}, {""id"": 1879, ""name"": ""shower""}, {""id"": 2341, ""name"": ""nanny""}, {""id"": 2546, ""name"": ""mask""}, {""id"": 5202, ""name"": ""boy""}, {""id"": 9826, ""name"": ""murder""}, {""id"": 12545, ""name"": ""mansion""}, {""id"": 14819, ""name"": ""violence""}, {""id"": 33630, ""name"": ""doll""}, {""id"": 158567, ""name"": ""burn victim""}, {""id"": 171964, ""name"": ""secret passageway""}, {""id"": 176706, ""name"": ""broken mirror""}, {""id"": 204298, ""name"": ""loss of a child""}]",38.179483,"[{""name"": ""Lakeshore Entertainment"", ""id"": 126}, {""name"": ""Vertigo Entertainment"", ""id"": 829}, {""name"": ""Diamond Films"", ""id"": 2912}, {""name"": ""Showtime Networks"", ""id"": 18880}, {""name"": ""STX Entertainment"", ""id"": 47729}]",us,1/22/16,64188367,97,The Boy,5.8,1102
40000000,"[{""id"": 27, ""name"": ""Horror""}]",259693,"[{""id"": 212, ""name"": ""london england""}, {""id"": 392, ""name"": ""england""}, {""id"": 1228, ""name"": ""1970s""}, {""id"": 13153, ""name"": ""spirit""}, {""id"": 14768, ""name"": ""single mother""}, {""id"": 15001, ""name"": ""demon""}, {""id"": 15043, ""name"": ""paranormal investigation""}, {""id"": 161261, ""name"": ""demonic possession""}, {""id"": 228935, ""name"": ""valak""}, {""id"": 228936, ""name"": ""annabelle""}]",68.794673,"[{""name"": ""New Line Cinema"", ""id"": 12}, {""name"": ""Dune Entertainment"", ""id"": 444}, {""name"": ""The Safran Company"", ""id"": 11565}, {""name"": ""Evergreen Media Group"", ""id"": 31375}, {""name"": ""warner bross Turkey"", ""id"": 47502}, {""name"": ""Soho VFX"", ""id"": 54392}, {""name"": ""Atomic Monster"", ""id"": 76907}]",ca,5/13/16,320170008,134,The Conjuring 2,7,1949
80000000,"[{""id"": 28, ""name"": ""Action""}, {""id"": 18, ""name"": ""Drama""}, {""id"": 36, ""name"": ""History""}, {""id"": 53, ""name"": ""Thriller""}]",300673,"[{""id"": 3547, ""name"": ""coast guard""}, {""id"": 9672, ""name"": ""based on true story""}, {""id"": 10349, ""name"": ""survival""}, {""id"": 11107, ""name"": ""rescue mission""}, {""id"": 168683, ""name"": ""storm at sea""}, {""id"": 180100, ""name"": ""sinking ship""}, {""id"": 208611, ""name"": ""1950s""}, {""id"": 209714, ""name"": ""3d""}]",28.223664,"[{""name"": ""Walt Disney Pictures"", ""id"": 2}, {""name"": ""Whitaker Entertainment"", ""id"": 51164}, {""name"": ""Bergsten Music"", ""id"": 77739}, {""name"": ""Red Hawk Entertainment"", ""id"": 78217}]",us,1/25/16,52099090,114,The Finest Hours,6.3,588
10000000,"[{""id"": 27, ""name"": ""Horror""}, {""id"": 53, ""name"": ""Thriller""}]",329440,"[{""id"": 233, ""name"": ""japan""}, {""id"": 5774, ""name"": ""forest""}]",19.865989,"[{""name"": ""Lava Bear Films"", ""id"": 32300}, {""name"": ""AI-Film"", ""id"": 51860}, {""name"": ""Phantom Four Films"", ""id"": 69579}]",us,1/7/16,40055439,95,The Forest,4.8,448
115000000,"[{""id"": 28, ""name"": ""Action""}, {""id"": 12, ""name"": ""Adventure""}, {""id"": 18, ""name"": ""Drama""}]",290595,"[{""id"": 616, ""name"": ""witch""}, {""id"": 2343, ""name"": ""magic""}, {""id"": 3205, ""name"": ""fairy tale""}, {""id"": 169341, ""name"": ""snow white""}, {""id"": 211392, ""name"": ""huntsman""}]",60.467984,"[{""name"": ""Universal Pictures"", ""id"": 33}, {""name"": ""Perfect World Pictures"", ""id"": 10338}, {""name"": ""Roth Films"", ""id"": 16314}]",us,4/6/16,164602163,114,The Huntsman: Winter's War,6,1523
25000000,"[{""id"": 80, ""name"": ""Crime""}, {""id"": 18, ""name"": ""Drama""}, {""id"": 53, ""name"": ""Thriller""}]",325789,"[{""id"": 1568, ""name"": ""undercover""}, {""id"": 5565, ""name"": ""biography""}, {""id"": 14964, ""name"": ""drug""}, {""id"": 18026, ""name"": ""drug lord""}]",24.672234,"[{""name"": ""Good Films"", ""id"": 68620}]",gb,7/13/16,15436808,127,The Infiltrator,6.6,573
175000000,"[{""id"": 10751, ""name"": ""Family""}, {""id"": 12, ""name"": ""Adventure""}, {""id"": 18, ""name"": ""Drama""}, {""id"": 14, ""name"": ""Fantasy""}]",278927,"[{""id"": 818, ""name"": ""based on novel""}, {""id"": 1585, ""name"": ""snake""}, {""id"": 1994, ""name"": ""wolf""}, {""id"": 2857, ""name"": ""elephant""}, {""id"": 4809, ""name"": ""tiger""}, {""id"": 5650, ""name"": ""feral child""}, {""id"": 8775, ""name"": ""panther""}, {""id"": 9714, ""name"": ""remake""}, {""id"": 10468, ""name"": ""bear""}, {""id"": 10787, ""name"": ""jungle""}, {""id"": 11477, ""name"": ""talking animal""}, {""id"": 13014, ""name"": ""orphan""}, {""id"": 18165, ""name"": ""animal""}, {""id"": 167625, ""name"": ""talking to animals""}]",94.199316,"[{""name"": ""Walt Disney Pictures"", ""id"": 2}, {""name"": ""Walt Disney Studios Motion Pictures"", ""id"": 3036}, {""name"": ""Fairview Entertainment"", ""id"": 7297}, {""name"": ""Moving Picture Company (MPC)"", ""id"": 20478}]",gb,4/7/16,966550600,106,The Jungle Book,6.7,2892
180000000,"[{""id"": 28, ""name"": ""Action""}, {""id"": 12, ""name"": ""Adventure""}]",258489,"[{""id"": 409, ""name"": ""africa""}, {""id"": 5650, ""name"": ""feral child""}, {""id"": 7347, ""name"": ""tarzan""}, {""id"": 10787, ""name"": ""jungle""}, {""id"": 158130, ""name"": ""animal attack""}]",42.741719,"[{""name"": ""Village Roadshow Pictures"", ""id"": 79}, {""name"": ""Dark Horse Entertainment"", ""id"": 552}, {""name"": ""Jerry Weintraub Productions"", ""id"": 2596}, {""name"": ""RatPac-Dune Entertainment"", ""id"": 41624}, {""name"": ""Beagle Pug Films"", ""id"": 46339}, {""name"": ""Riche Productions"", ""id"": 86565}, {""name"": ""Village Roadshow Films North America"", ""id"": 86566}]",ca,6/29/16,356743061,109,The Legend of Tarzan,5.5,2430
68490000,"[{""id"": 28, ""name"": ""Action""}, {""id"": 12, ""name"": ""Adventure""}, {""id"": 14, ""name"": ""Fantasy""}]",381902,"[{""id"": 207411, ""name"": ""monkey king""}]",4.72629,"[{""name"": ""Filmko Pictures"", ""id"": 9175}]",hk,1/22/16,193677158,120,The Monkey King 2,6,24
7000000,"[{""id"": 53, ""name"": ""Thriller""}, {""id"": 27, ""name"": ""Horror""}]",301365,"[{""id"": 14818, ""name"": ""model""}]",38.150787,"[{""name"": ""Bold Films"", ""id"": 2266}, {""name"": ""Amazon Studios"", ""id"": 20580}, {""name"": ""Vendian Entertainment"", ""id"": 50481}, {""name"": ""Space Rocket Nation"", ""id"": 67574}]",dk,6/8/16,1333124,117,The Neon Demon,6.4,887
10000000,"[{""id"": 28, ""name"": ""Action""}, {""id"": 27, ""name"": ""Horror""}, {""id"": 53, ""name"": ""Thriller""}]",316727,"[{""id"": 4565, ""name"": ""dystopia""}, {""id"": 9663, ""name"": ""sequel""}, {""id"": 221958, ""name"": ""legalized murder""}]",53.727146,"[{""name"": ""Universal Pictures"", ""id"": 33}, {""name"": ""Why Not Productions"", ""id"": 729}, {""name"": ""Platinum Dunes"", ""id"": 2481}, {""name"": ""Blumhouse Productions"", ""id"": 3172}]",fr,6/29/16,118587880,105,The Purge: Election Year,6.1,1306
75000000,"[{""id"": 16, ""name"": ""Animation""}, {""id"": 10751, ""name"": ""Family""}]",328111,"[{""id"": 2551, ""name"": ""pet""}, {""id"": 3208, ""name"": ""bunny""}, {""id"": 11500, ""name"": ""anthropomorphism""}, {""id"": 15162, ""name"": ""dog""}, {""id"": 18165, ""name"": ""animal""}, {""id"": 33347, ""name"": ""apartment building""}, {""id"": 41412, ""name"": ""sewer""}, {""id"": 158225, ""name"": ""terrier""}, {""id"": 168346, ""name"": ""manhattan, new york city""}, {""id"": 204052, ""name"": ""rodent""}, {""id"": 229051, ""name"": ""mongrel""}]",31.482872,"[{""name"": ""Universal Pictures"", ""id"": 33}, {""name"": ""Fuji Television Network"", ""id"": 3341}, {""name"": ""Dentsu"", ""id"": 6452}, {""name"": ""Illumination Entertainment"", ""id"": 6704}]",us,6/18/16,875958308,87,The Secret Life of Pets,5.9,3462
17000000,"[{""id"": 27, ""name"": ""Horror""}, {""id"": 18, ""name"": ""Drama""}, {""id"": 53, ""name"": ""Thriller""}]",332567,"[{""id"": 534, ""name"": ""mexico""}, {""id"": 966, ""name"": ""beach""}, {""id"": 1524, ""name"": ""surfer""}, {""id"": 2041, ""name"": ""island""}, {""id"": 10349, ""name"": ""survival""}, {""id"": 14712, ""name"": ""young woman""}, {""id"": 15097, ""name"": ""shark""}, {""id"": 15098, ""name"": ""great white shark""}, {""id"": 18029, ""name"": ""trapped""}, {""id"": 158130, ""name"": ""animal attack""}, {""id"": 223059, ""name"": ""animal horror""}, {""id"": 228752, ""name"": ""prey""}]",60.829621,"[{""name"": ""Columbia Pictures"", ""id"": 5}, {""name"": ""Ombra Films"", ""id"": 23513}, {""name"": ""Weimaraner Republic Pictures"", ""id"": 67069}]",us,6/24/16,119100758,86,The Shallows,6.2,1567
3500000,"[{""id"": 9648, ""name"": ""Mystery""}, {""id"": 27, ""name"": ""Horror""}]",310131,"[{""id"": 616, ""name"": ""witch""}, {""id"": 41393, ""name"": ""new england""}, {""id"": 207941, ""name"": ""17th century""}]",50.319662,"[{""name"": ""Parts and Labor"", ""id"": 6531}, {""name"": ""RT Features"", ""id"": 30666}, {""name"": ""Rooks Nest Entertainment"", ""id"": 34456}, {""name"": ""Maiden Voyage Pictures"", ""id"": 41641}, {""name"": ""Pulse Films"", ""id"": 57430}, {""name"": ""Scythia Films"", ""id"": 61011}, {""name"": ""Code Red Productions"", ""id"": 79434}, {""name"": ""Mott Street Pictures"", ""id"": 79435}, {""name"": ""Very Special Projects"", ""id"": 79436}]",ca,2/19/16,40423945,92,The Witch,6.3,1434
18500000,"[{""id"": 18, ""name"": ""Drama""}]",318850,"[{""id"": 1160, ""name"": ""egypt""}, {""id"": 2974, ""name"": ""jesus christ""}, {""id"": 5708, ""name"": ""gospel""}, {""id"": 5950, ""name"": ""christian""}, {""id"": 189092, ""name"": ""journey""}, {""id"": 192002, ""name"": ""biblical""}]",1.884558,"[{""name"": ""Focus Features"", ""id"": 10146}]",us,3/10/16,6490401,120,The Young Messiah,6.4,30
20000000,"[{""id"": 28, ""name"": ""Action""}, {""id"": 53, ""name"": ""Thriller""}]",146198,"[{""id"": 10051, ""name"": ""heist""}, {""id"": 10085, ""name"": ""betrayal""}, {""id"": 11719, ""name"": ""dirty cop""}]",29.371987,"[{""name"": ""Worldview Entertainment"", ""id"": 9015}, {""name"": ""Anonymous Content"", ""id"": 30420}, {""name"": ""MadRiver Pictures"", ""id"": 73493}, {""name"": ""Sierra Pictures"", ""id"": 78595}, {""name"": ""Surefire Capital"", ""id"": 78596}]",us,2/19/16,12639297,115,Triple 9,5.6,797
160000000,"[{""id"": 28, ""name"": ""Action""}, {""id"": 12, ""name"": ""Adventure""}, {""id"": 14, ""name"": ""Fantasy""}]",68735,"[{""id"": 282, ""name"": ""video game""}, {""id"": 603, ""name"": ""elves""}, {""id"": 606, ""name"": ""orcs""}, {""id"": 2343, ""name"": ""magic""}, {""id"": 3713, ""name"": ""chase""}, {""id"": 9717, ""name"": ""based on comic book""}, {""id"": 10821, ""name"": ""sorcerer""}, {""id"": 14946, ""name"": ""fictional war""}, {""id"": 41645, ""name"": ""based on video game""}, {""id"": 177912, ""name"": ""wizard""}, {""id"": 189113, ""name"": ""fictional language""}, {""id"": 211674, ""name"": ""muscles""}, {""id"": 228295, ""name"": ""orc""}, {""id"": 234213, ""name"": ""sword and sorcery""}]",63.148529,"[{""name"": ""Universal Pictures"", ""id"": 33}, {""name"": ""Atlas Entertainment"", ""id"": 507}, {""name"": ""Legendary Pictures"", ""id"": 923}, {""name"": ""Blizzard Entertainment"", ""id"": 16028}]",cn,5/25/16,433677183,123,Warcraft,6.3,2268
178000000,"[{""id"": 878, ""name"": ""Science Fiction""}]",246655,"[{""id"": 1852, ""name"": ""mutant""}, {""id"": 4769, ""name"": ""supernatural powers""}, {""id"": 8828, ""name"": ""marvel comic""}, {""id"": 9715, ""name"": ""superhero""}, {""id"": 9717, ""name"": ""based on comic book""}, {""id"": 10761, ""name"": ""superhuman""}, {""id"": 12332, ""name"": ""apocalypse""}, {""id"": 155030, ""name"": ""superhero team""}, {""id"": 176217, ""name"": ""world domination""}, {""id"": 179430, ""name"": ""aftercreditsstinger""}, {""id"": 208289, ""name"": ""1980s""}]",139.272042,"[{""name"": ""Twentieth Century Fox Film Corporation"", ""id"": 306}, {""name"": ""Donners' Company"", ""id"": 431}, {""name"": ""Marvel Entertainment"", ""id"": 7505}, {""name"": ""Bad Hat Harry Productions"", ""id"": 9168}, {""name"": ""TSG Entertainment"", ""id"": 22213}, {""name"": ""Kinberg Genre"", ""id"": 78091}]",us,5/18/16,543934787,144,X-Men: Apocalypse,6.4,4721
50000000,"[{""id"": 35, ""name"": ""Comedy""}]",329833,"[{""id"": 6241, ""name"": ""stupidity""}, {""id"": 9663, ""name"": ""sequel""}, {""id"": 15479, ""name"": ""fashion""}, {""id"": 167193, ""name"": ""male model""}, {""id"": 167200, ""name"": ""fashion model""}, {""id"": 173242, ""name"": ""modeling""}]",37.253774,"[{""name"": ""Scott Rudin Productions"", ""id"": 258}, {""name"": ""Red Hour Films"", ""id"": 12178}]",us,2/6/16,55969000,100,Zoolander 2,4.7,797